{
    "type": "modern_industrialization:assembler",
    "duration": 400,
    "eu": 2,
    "fluid_inputs": [
        {
            "amount": 75,
            "fluid": "modern_industrialization:soldering_alloy"
        }
    ],
    "item_inputs": [
        {
            "amount": 1,
            "tag": "c:plates/stainless_steel"
        },
        {
            "amount": 2,
            "item": "modern_industrialization:stainless_steel_curved_plate"
        },
        {
            "amount": 1,
            "tag": "c:rods/stainless_steel"
        },
        {
            "amount": 2,
            "tag": "c:gears/stainless_steel"
        }
    ],
    "item_outputs": [
        {
            "amount": 1,
            "item": "modern_industrialization:stainless_steel_drill_head"
        }
    ]
}