{
    "type": "modern_industrialization:mixer",
    "duration": 100,
    "eu": 2,
    "item_inputs": [
        {
            "amount": 1,
            "tag": "c:dusts/iridium"
        },
        {
            "amount": 3,
            "tag": "c:dusts/annealed_copper"
        },
        {
            "amount": 3,
            "tag": "c:dusts/yttrium"
        },
        {
            "amount": 2,
            "tag": "c:dusts/neodymium"
        }
    ],
    "item_outputs": [
        {
            "amount": 9,
            "item": "modern_industrialization:superconductor_dust"
        }
    ]
}