{
    "parent": "modern_industrialization:fire_clay_bricks",
    "criteria": {
        "checkInv": {
            "conditions": {
                "items": [
                    {
                        "items": "modern_industrialization:steam_blast_furnace"
                    }
                ]
            },
            "trigger": "minecraft:inventory_changed"
        }
    },
    "display": {
        "description": {
            "translate": "advancements.modern_industrialization.steam_blast_furnace.description"
        },
        "icon": {
            "count": 1,
            "id": "modern_industrialization:steam_blast_furnace"
        },
        "title": {
            "translate": "advancements.modern_industrialization.steam_blast_furnace"
        }
    },
    "requirements": [
        [
            "checkInv"
        ]
    ],
    "sends_telemetry_event": true
}