{
    "type": "modern_industrialization:mixer",
    "duration": 100,
    "eu": 2,
    "item_inputs": [
        {
            "amount": 6,
            "tag": "c:dusts/iron"
        },
        {
            "amount": 1,
            "tag": "c:dusts/chromium"
        },
        {
            "amount": 1,
            "tag": "c:dusts/nickel"
        },
        {
            "amount": 1,
            "tag": "c:dusts/manganese"
        }
    ],
    "item_outputs": [
        {
            "amount": 9,
            "item": "modern_industrialization:stainless_steel_dust"
        }
    ]
}