{
    "type": "modern_industrialization:assembler",
    "duration": 100,
    "eu": 2,
    "fluid_inputs": [
        {
            "amount": 6,
            "fluid": "modern_industrialization:styrene_butadiene_rubber"
        }
    ],
    "item_inputs": [
        {
            "amount": 3,
            "item": "modern_industrialization:annealed_copper_wire"
        }
    ],
    "item_outputs": [
        {
            "amount": 3,
            "item": "modern_industrialization:annealed_copper_cable"
        }
    ]
}