{
    "type": "modern_industrialization:assembler",
    "duration": 100,
    "eu": 2,
    "fluid_inputs": [
        {
            "amount": 75,
            "fluid": "modern_industrialization:soldering_alloy"
        }
    ],
    "item_inputs": [
        {
            "amount": 1,
            "tag": "c:plates/gold"
        },
        {
            "amount": 2,
            "item": "modern_industrialization:gold_curved_plate"
        },
        {
            "amount": 1,
            "tag": "c:rods/gold"
        },
        {
            "amount": 2,
            "tag": "c:gears/gold"
        }
    ],
    "item_outputs": [
        {
            "amount": 1,
            "item": "modern_industrialization:gold_drill_head"
        }
    ]
}