{
    "type": "modern_industrialization:chemical_reactor",
    "duration": 100,
    "eu": 8,
    "fluid_inputs": [
        {
            "amount": 100,
            "fluid": "modern_industrialization:oxygen"
        }
    ],
    "item_inputs": [
        {
            "amount": 1,
            "item": "minecraft:waxed_weathered_cut_copper_stairs"
        }
    ],
    "item_outputs": [
        {
            "amount": 1,
            "item": "minecraft:waxed_oxidized_cut_copper_stairs"
        }
    ]
}