{
  "variants": {
    "": {
      "model": "modern_industrialization:block/blastproof_casing"
    }
  },

  "athena:loader": "athena:ctm",
  "ctm_textures": {
    "center":     "modern_industrialization:block/ctm/casings/blastproof/4",
    "empty":      "modern_industrialization:block/ctm/casings/blastproof/1",
    "horizontal": "modern_industrialization:block/ctm/casings/blastproof/3",
    "particle":   "modern_industrialization:block/ctm/casings/blastproof/0",
    "vertical":   "modern_industrialization:block/ctm/casings/blastproof/2"
  }
}