{
  "variants": {
    "": {
      "model": "modern_industrialization:block/cupronickel_coil"
    }
  },

  "athena:loader": "athena:ctm",
  "ctm_textures": {
    "center":     "modern_industrialization:block/ctm/coils/cupronickel/4",
    "empty":      "modern_industrialization:block/ctm/coils/cupronickel/1",
    "horizontal": "modern_industrialization:block/ctm/coils/cupronickel/3",
    "particle":   "modern_industrialization:block/ctm/coils/cupronickel/0",
    "vertical":   "modern_industrialization:block/ctm/coils/cupronickel/2"
  }
}