{
  "variants": {
    "": {
      "model": "modern_industrialization:block/frostproof_machine_casing"
    }
  },

  "athena:loader": "athena:ctm",
  "ctm_textures": {
    "center":     "modern_industrialization:block/ctm/casings/frostproof/4",
    "empty":      "modern_industrialization:block/ctm/casings/frostproof/1",
    "horizontal": "modern_industrialization:block/ctm/casings/frostproof/3",
    "particle":   "modern_industrialization:block/ctm/casings/frostproof/0",
    "vertical":   "modern_industrialization:block/ctm/casings/frostproof/2"
  }
}