{
  "variants": {
    "": {
      "model": "modern_industrialization:block/solid_titanium_machine_casing"
    }
  },

  "athena:loader": "athena:ctm",
  "ctm_textures": {
    "center":     "modern_industrialization:block/ctm/casings/titanium/4",
    "empty":      "modern_industrialization:block/ctm/casings/titanium/1",
    "horizontal": "modern_industrialization:block/ctm/casings/titanium/3",
    "particle":   "modern_industrialization:block/ctm/casings/titanium/0",
    "vertical":   "modern_industrialization:block/ctm/casings/titanium/2"
  }
}