{
  "variants": {
    "": {
      "model": "modern_industrialization:block/superconductor_coil"
    }
  },

  "athena:loader": "athena:ctm",
  "ctm_textures": {
    "center":     "modern_industrialization:block/ctm/coils/superconductor/4",
    "empty":      "modern_industrialization:block/ctm/coils/superconductor/1",
    "horizontal": "modern_industrialization:block/ctm/coils/superconductor/3",
    "particle":   "modern_industrialization:block/ctm/coils/superconductor/0",
    "vertical":   "modern_industrialization:block/ctm/coils/superconductor/2"
  }
}