{
    "type": "modern_industrialization:cutting_machine",
    "duration": 200,
    "eu": 2,
    "fluid_inputs": [
        {
            "amount": 1,
            "fluid": "modern_industrialization:lubricant"
        }
    ],
    "item_inputs": [
        {
            "amount": 1,
            "item": "modern_industrialization:aluminum_double_ingot"
        }
    ],
    "item_outputs": [
        {
            "amount": 4,
            "item": "modern_industrialization:aluminum_rod"
        }
    ]
}