{
    "type": "minecraft:crafting_shaped",
    "category": "misc",
    "key": {
        "C": {
            "item": "modern_industrialization:bronze_curved_plate"
        },
        "P": {
            "item": "minecraft:brown_stained_glass_pane"
        },
        "r": {
            "item": "modern_industrialization:copper_rotor"
        }
    },
    "pattern": [
        "CCC",
        "rPr",
        "CCC"
    ],
    "result": {
        "count": 16,
        "id": "modern_industrialization:brown_fluid_pipe"
    }
}