{
    "feature": "modern_industrialization:deepslate_ore_generator_monazite",
    "placement": [
        {
            "type": "minecraft:count",
            "count": 2
        },
        {
            "type": "minecraft:in_square"
        },
        {
            "type": "minecraft:height_range",
            "height": {
                "type": "minecraft:uniform",
                "max_inclusive": {
                    "absolute": 24
                },
                "min_inclusive": {
                    "above_bottom": 0
                }
            }
        },
        {
            "type": "minecraft:biome"
        }
    ]
}