{
    "type": "minecraft:block",
    "pools": [
        {
            "bonus_rolls": 0.0,
            "conditions": [
                {
                    "condition": "minecraft:survives_explosion"
                }
            ],
            "entries": [
                {
                    "type": "minecraft:item",
                    "name": "modern_industrialization:turbo_machine_hull"
                }
            ],
            "rolls": 1.0
        }
    ],
    "random_sequence": "modern_industrialization:blocks/turbo_machine_hull"
}