{
  "default_overlays": {
    "fluid_auto": "modern_industrialization:block/overlays/fluid_auto",
    "top": "modern_industrialization:block/machines/oil_drilling_rig/overlay_top",
    "front": "modern_industrialization:block/machines/oil_drilling_rig/overlay_front",
    "front_active": "modern_industrialization:block/machines/oil_drilling_rig/overlay_front_active",
    "item_auto": "modern_industrialization:block/overlays/item_auto",
    "output": "modern_industrialization:block/overlays/output"
  }
}