{
    "type": "modern_industrialization:assembler",
    "duration": 200,
    "eu": 8,
    "item_inputs": [
        {
            "amount": 6,
            "item": "modern_industrialization:bronze_curved_plate"
        },
        {
            "amount": 1,
            "tag": "c:dyes/green"
        },
        {
            "amount": 2,
            "tag": "c:gears/steel"
        }
    ],
    "item_outputs": [
        {
            "amount": 16,
            "item": "modern_industrialization:green_item_pipe"
        }
    ]
}